url_path,views_total,views_unique
/csyhuang/hn2016_falwa,27,19
/csyhuang/hn2016_falwa/tree/master/scripts/pre_process_data_in_hybrid_coordinates,5,2
/csyhuang/hn2016_falwa/blob/master/scripts/pre_process_data_in_hybrid_coordinates/NorESM_data_sample/download_readme.md,4,2
/csyhuang/hn2016_falwa/pulls,4,2
/csyhuang/hn2016_falwa/tree/master/scripts/pre_process_data_in_hybrid_coordinates/NorESM_data_sample,4,2
/csyhuang/hn2016_falwa/tree/master/scripts/lubis_et_al_2025,4,1
/csyhuang/hn2016_falwa/blob/master/src/falwa/oopinterface.py,3,3
/csyhuang/hn2016_falwa/discussions,3,3
/csyhuang/hn2016_falwa/tree/master/notebooks,3,2
/csyhuang/hn2016_falwa/blob/master/scripts/lubis_et_al_2025/cal_ncforce_loop.py,3,1
